{
    "journal": [
        [
            "config_merge_section", 
            [
                "/Users/Hoang/.sdkbox/plugins/sdkbox-facebook_v1.3.0.18/plugin/sdkbox_config.json.sample", 
                "/Users/Hoang/Desktop/Cocos2dx/Github/BrainDots/BrainDotsDebug/Resources/sdkbox_config.json"
            ]
        ], 
        [
            "copy_file", 
            [
                "/Users/Hoang/.sdkbox/plugins/sdkbox-facebook_v1.3.0.18/plugin/ios/sdkbox.framework", 
                "/Users/Hoang/Desktop/Cocos2dx/Github/BrainDots/BrainDotsDebug/proj.ios_mac/sdkbox.framework"
            ]
        ], 
        [
            "copy_file", 
            [
                "/Users/Hoang/.sdkbox/plugins/sdkbox-facebook_v1.3.0.18/plugin/ios/PluginFacebook.framework", 
                "/Users/Hoang/Desktop/Cocos2dx/Github/BrainDots/BrainDotsDebug/proj.ios_mac/PluginFacebook.framework"
            ]
        ], 
        [
            "copy_file", 
            [
                "/Users/Hoang/.sdkbox/plugins/sdkbox-facebook_v1.3.0.18/plugin/ios/FBSDKCoreKit.framework", 
                "/Users/Hoang/Desktop/Cocos2dx/Github/BrainDots/BrainDotsDebug/proj.ios_mac/FBSDKCoreKit.framework"
            ]
        ], 
        [
            "copy_file", 
            [
                "/Users/Hoang/.sdkbox/plugins/sdkbox-facebook_v1.3.0.18/plugin/ios/FBSDKLoginKit.framework", 
                "/Users/Hoang/Desktop/Cocos2dx/Github/BrainDots/BrainDotsDebug/proj.ios_mac/FBSDKLoginKit.framework"
            ]
        ], 
        [
            "copy_file", 
            [
                "/Users/Hoang/.sdkbox/plugins/sdkbox-facebook_v1.3.0.18/plugin/ios/FBSDKShareKit.framework", 
                "/Users/Hoang/Desktop/Cocos2dx/Github/BrainDots/BrainDotsDebug/proj.ios_mac/FBSDKShareKit.framework"
            ]
        ], 
        [
            "xcode_add_framework", 
            [
                "sdkbox.framework"
            ]
        ], 
        [
            "xcode_add_framework", 
            [
                "PluginFacebook.framework"
            ]
        ], 
        [
            "xcode_add_framework", 
            [
                "FBSDKCoreKit.framework"
            ]
        ], 
        [
            "xcode_add_framework", 
            [
                "FBSDKLoginKit.framework"
            ]
        ], 
        [
            "xcode_add_framework", 
            [
                "FBSDKShareKit.framework"
            ]
        ], 
        [
            "skipped", 
            [
                "xcode_add_framework", 
                "Security.framework"
            ]
        ], 
        [
            "xcode_add_framework", 
            [
                "AdSupport.framework"
            ]
        ], 
        [
            "xcode_add_source", 
            [
                "sdkbox_config.json"
            ]
        ], 
        [
            "copy_file", 
            [
                "/Users/Hoang/.sdkbox/plugins/sdkbox-facebook_v1.3.0.18/plugin/android/libs/PluginFacebook.jar", 
                "/Users/Hoang/Desktop/Cocos2dx/Setup/cocos2d-x-3.6/cocos/platform/android/java/libs/PluginFacebook.jar"
            ]
        ], 
        [
            "copy_file", 
            [
                "/Users/Hoang/.sdkbox/plugins/sdkbox-facebook_v1.3.0.18/plugin/android/libs/sdkbox.jar", 
                "/Users/Hoang/Desktop/Cocos2dx/Setup/cocos2d-x-3.6/cocos/platform/android/java/libs/sdkbox.jar"
            ]
        ], 
        [
            "copy_file", 
            [
                "/Users/Hoang/.sdkbox/plugins/sdkbox-facebook_v1.3.0.18/plugin/android/libs/facebook_lib", 
                "/Users/Hoang/Desktop/Cocos2dx/Setup/cocos2d-x-3.6/cocos/platform/android/java/libs/facebook_lib"
            ]
        ], 
        [
            "copy_file", 
            [
                "/Users/Hoang/.sdkbox/plugins/sdkbox-facebook_v1.3.0.18/plugin/android/jni/sdkbox", 
                "/Users/Hoang/Desktop/Cocos2dx/Github/BrainDots/BrainDotsDebug/proj.android/jni/sdkbox"
            ]
        ], 
        [
            "copy_file", 
            [
                "/Users/Hoang/.sdkbox/plugins/sdkbox-facebook_v1.3.0.18/plugin/android/jni/pluginfacebook", 
                "/Users/Hoang/Desktop/Cocos2dx/Github/BrainDots/BrainDotsDebug/proj.android/jni/pluginfacebook"
            ]
        ], 
        [
            "skipped", 
            [
                "android_set_permission", 
                "INTERNET"
            ]
        ], 
        [
            "android_add_library_reference", 
            [
                "/Users/Hoang/Desktop/Cocos2dx/Setup/cocos2d-x-3.6/cocos/platform/android/java/libs/./facebook_lib"
            ]
        ], 
        [
            "android_add_activity", 
            [
                "com.facebook.FacebookActivity", 
                [
                    "android:configChanges=keyboard|keyboardHidden|screenLayout|screenSize|orientation", 
                    "android:theme=@android:style/Theme.Translucent.NoTitleBar", 
                    "android:label=@string/app_name"
                ]
            ]
        ], 
        [
            "android_add_element", 
            [
                "application", 
                "meta-data", 
                {
                    "name": "com.facebook.sdk.ApplicationId", 
                    "value": "@string/facebook_app_id"
                }, 
                null
            ]
        ], 
        [
            "android_add_element", 
            [
                "application", 
                "provider", 
                {
                    "authorities": "com.facebook.app.FacebookContentProvider_replace_with_your_app_id_", 
                    "name": "com.facebook.FacebookContentProvider", 
                    "exported": "true"
                }, 
                null
            ]
        ], 
        [
            "skipped", 
            [
                "android_add_tag", 
                "hardwareAccelerated=\"true\""
            ]
        ], 
        [
            "android_add_static_library", 
            [
                "PluginFacebook"
            ]
        ], 
        [
            "android_add_static_library", 
            [
                "sdkbox"
            ]
        ], 
        [
            "skipped", 
            [
                "android_add_call", 
                "import-add-path, $(LOCAL_PATH)"
            ]
        ], 
        [
            "android_add_call", 
            [
                "import-module, ./sdkbox"
            ]
        ], 
        [
            "android_add_call", 
            [
                "import-module, ./pluginfacebook"
            ]
        ], 
        [
            "android_add_string", 
            [
                "facebook_app_id", 
                "your_app_id"
            ]
        ], 
        [
            "android_add_key_value", 
            [
                1, 
                "APP_PLATFORM", 
                "android-15"
            ]
        ], 
        [
            "android_add_key_value", 
            [
                2, 
                "LOCAL_LDLIBS", 
                "-landroid"
            ]
        ], 
        [
            "android_add_key_value", 
            [
                2, 
                "LOCAL_LDLIBS", 
                "-llog"
            ]
        ], 
        [
            "patch_file", 
            [
                "/Users/Hoang/Desktop/Cocos2dx/Setup/cocos2d-x-3.6/cocos/platform/android/java/src/org/cocos2dx/lib/Cocos2dxActivity.java", 
                null, 
                "/Users/Hoang/Desktop/Cocos2dx/Setup/cocos2d-x-3.6/cocos/platform/android/java/"
            ]
        ], 
        [
            "patch_file", 
            [
                "/Users/Hoang/Desktop/Cocos2dx/Github/BrainDots/BrainDotsDebug/Classes/AppDelegate.cpp", 
                null, 
                "/Users/Hoang/Desktop/Cocos2dx/Github/BrainDots/BrainDotsDebug/Classes/"
            ]
        ], 
        [
            "puts", 
            [
                "\n  *****************************\n  ******** Manual Step ********\n  *****************************\n\n1. Edit \"project.properties\"\n   Set \"target=android-15\"\n  "
            ]
        ], 
        [
            "puts", 
            [
                "Please reference the online documentation to finish the integration:\nhttp://sdkbox-doc.github.io/en/plugins/facebook/v3-cpp/"
            ]
        ], 
        [
            "open_documentation", 
            [
                "http://sdkbox-doc.github.io/en/plugins/facebook/v3-cpp/", 
                false
            ]
        ]
    ]
}